Source Name,URL,Title/Context,Destination Categories,Key Destinations Mentioned,Content Angles / Insights
Forever Lost In Travel,https://foreverlostintravel.com/,"14 Top Vacation Destinations For Couples",Beach / City / Budget,Big Island Hawaii; Koh Lanta Thailand; Paris; Niagara Falls; Edinburgh,Classic couple spots mixed with unique budget islands like Koh Lanta.
Lisa Homsy,https://lisahomsy.com/,"10 Best Romantic Getaways: Travel Bucket List for Couples",Luxury / Beach / Exotic,Maldives; Greece; Bora Bora; Bali; Jamaica; Hawaii; Cappadocia; Cinque Terre,Bucket list travel with heavy emphasis on aesthetics and romance.
Jyo Shankar,https://jyoshankar.com/,"The Ultimate Travel Bucket List for Couples",Luxury / Romantic,Maldives; Bora Bora,Focus on luxury resorts; private balcony breakfast; overwater villas.
Conde Nast Traveler,https://www.cntraveler.com/,"Couples Trip Ideas & Inspiration",Luxury / Alternatives,Paris; Venice; Alternative romantic getaways,Alternative luxury destinations for couples wanting to avoid crowds.
Abroad with Ash,https://www.abroadwithash.com/,"Most Romantic Vacations in the USA for a Couples Getaway",US Domestic / Wine / Beach,Maui; Scottsdale; Napa Valley; Sonoma; Willamette Valley; Carmel,High-end US destinations; wine country and scenic coastal trips.
Cruise America,https://www.cruiseamerica.com/,"Fun & Cheap Travel Ideas for Couples",US Domestic / Budget / Outdoors,Sedona; Niagara Falls; Charleston; Adirondacks; Jekyll Island,Affordable road trips and outdoorsy getaways using RVs or budget lodging.
Leisurely Linds,https://leisurelylinds.com/,"The Best Weekend Getaways for Couples",US Domestic / Weekend,Charleston; San Francisco; Napa Valley; Park City; NYC,Short weekend breaks; city food scenes and luxury mountain resorts.
Whimsy Soul,https://whimsysoul.com/,"50 Top US Romantic Getaways To Take Before You Die",US Domestic / Bucket List,USA nationwide getaways,Diverse lists ranging from cozy cabins to high-end resorts.
Worldpackers,https://www.worldpackers.com/,"Couple's trip ideas: 15 amazing destinations and budget tips",Budget / Cultural,Mendoza; Cinque Terre; Cartagena; Lisbon; Ilha Grande,Budget-friendly travel tips; work exchanges and authentic cultural trips.
Black Tomato,https://www.blacktomato.com/,"Best Luxury Couples Vacations & Romantic Getaways",Bespoke Luxury / Adventure,Italy; French Polynesia; Patagonia; Iceland; Kenya; Japan,Ultra-luxury custom itineraries; active adventure paired with high-end comfort.
Time Out,https://www.timeout.com/,"19 Best Couples Vacations in America for Romance and Fun",US Domestic / Diverse,Sedona; Chicago; Sonoma; Kauai,Segmented by traveler types (foodies, wine lovers, wellness seekers).
Scott Dunn,https://www.scottdunn.com/,"Luxury Couples Vacations & Romantic Getaways",Luxury / Exotic,Lake Como; Antigua; Antarctica,High-end curated journeys for honeymoons and milestone trips.
BuzzFeed,https://www.buzzfeed.com/,"Best Couples Vacations In The US",US Domestic / Road Trips,Washington DC; Gettysburg; Austin; California coast,Fun, casual itineraries focusing on road trips and historical cities.
Travel + Leisure,https://www.travelandleisure.com/,"Romantic Getaways: 24 Best Vacation Spots for Couples",Global Luxury / Exotic,Paris; Capri; Sea Island; Kangaroo Island; Marrakesh,Iconic global spots; romantic boutique hotels and unique wildlife islands.
Travelpro,https://travelpro.com/,"10 Romantic Couples Travel Destinations",General / Romance,Napa Valley; Paris; Maui,Standard romantic classics for couples starting out.
Celebrity Cruises,https://www.celebritycruises.com/,"7 Romantic Getaways On The East Coast",US Domestic / Coastal,Miami; Boston; Charleston,Coastal cities easily paired with cruise departures or weekend escapes.
Vacations by Marriott,https://www.vacationsbymarriott.com/,"Romantic Getaways Vacation Packages",Luxury Resort,Maui; Napa Valley,Resort packages combining flights, premium stays, and local tours.
Outside Magazine,https://www.outsideonline.com/,"18 Romantic Getaways for Seriously Outdoorsy Couples",Adventure / Wilderness,Isle Royale National Park; Valley of the Gods; Taos,Active outdoor getaways; hiking, national parks, and rustic-luxury lodges.
The Travel Expert,https://thetravelexpert.ie/,"Top Ten Romantic Destinations, Holiday Ideas",Romantic Getaways,Global cities & islands,Curated compilation of top romantic spots for European travelers.
U.S. News Travel,https://travel.usnews.com/,"Best Romantic Getaways in the USA for 2026",US Domestic / Rankings,Kaua'i; Lanai; Napa Valley; Big Sky; Sonoma; Charleston; Sedona; Amelia Island,Data-driven rankings of romantic spots based on hotels and activities.
Expedia,https://www.expedia.com/,"Romantic Getaways & Couples Vacations 2026",Resort / Vacation Packages,Mexico,Focus on all-inclusive beach resorts and booking flight+hotel packages.
Fodors,https://www.fodors.com/,"Where to go for our First Vacation as a Couple?",Relationship / Tropical,Barbados; St. Lucia,Advice for new couples taking their first trip together.
Bustle,https://www.bustle.com/,"40 Romantic Vacation Spots You'll Both Love",Lifestyle / Romance,Lake Tahoe,Modern lifestyle angles; active year-round retreats.
Explore Georgia,https://exploregeorgia.org/,"Traveling as a Couple",US State Tourism,Georgia,Regional Southern getaways, historic bed & breakfasts.
Quartz,https://qz.com/,"The best romantic getaways in the U.S. for 2026",US Domestic / Premium,Kauai; Charleston,Focus on harbor cruises and scenic helicopter rides.
Coleman Concierge,https://www.colemanconcierge.com/,"56 Cheap Vacations for Couples to Swoon Over",Budget / US Domestic,Chattanooga; Lake of the Ozarks,Budget planning for regional US road trips.
ILoveNY,https://www.iloveny.com/,"Romantic Getaways in New York State",US State Tourism,New York State,Cozy retreats in the Catskills, Finger Lakes, and Long Island.
The Sophisticated Life,https://thesophisticatedlife.com/,"The Most Romantic Cities in the US for Getaways",US Domestic / City,Charleston; New Orleans; San Francisco; NYC; Sonoma,Aesthetic city guides focusing on culture, architecture, and culinary arts.
Lonely Planet,https://www.lonelyplanet.com/,"Romantic getaways for couples in the USA",Outdoors / Cultural,USA nationwide,Diverse destination guides for active and cultural couples.
Visit Florida,https://www.visitflorida.com/,"12 Couples Destinations in Florida for Romantic Getaways",US Domestic / Beach,St. George Island,Coastal beach escapes and pet-friendly barrier islands.
Veranda,https://www.veranda.com/,"The 25 Best Vacation Spots for Couples Around the World",High-End Luxury,Los Cabos; Amsterdam; Santa Barbara,Refined luxury and high-design hotels for sophisticated couples.
Cosmopolitan,https://www.cosmopolitan.com/,"16 Vacation Ideas for Couples Who Need a Romantic Little Getaway",Boutique Luxury,Global boutique stays,Focus on trendy, visually stunning hotels (Instagrammable).
Pacaso,https://www.pacaso.com/,"The 15 Best Vacation Spots for Couples in 2026",Luxury Second Homes,Maui; Napa Valley; Palm Springs,Luxury travel spots focusing on upscale vacation home rentals.
Sas for Short,https://sasforshort.com/,"Best US Vacation Spots for Couples on Our Bucket List",US Domestic / Cultural,Cleveland,Under-the-radar spots focusing on music history and local tours.
Bon Traveler,https://www.bontraveler.com/,"The Best Romantic Getaways in California",US Domestic / Scenic,Big Sur,Coastal road trips, cliffside dinners, and luxury cabins.
Backroads,https://www.backroads.com/,"Adventure Vacations For Couples | Top 10 Trips",Active Adventure,Santorini; Crete; Italian Lakes; Vermont; Yellowstone,Active walking, hiking, and multi-sport trips paired with premium dining.
TravelPirates,https://www.travelpirates.com/,"Romantic Getaways: Romantic Travel Ideas for Couples",Budget Deals,Caribbean; Maldives; Hawaii; Bali; Mauritius,Last-minute flight deals and package discount strategies.
